player_id,fangraphs_id,first_name,last_name,position,birth_date,spotrac_link,baseball_reference_link
Scherzer_5166,3137,Max,Scherzer,SP,,https://www.spotrac.com/mlb/player/_/id/5166,
Posey_7511,9166,Buster,Posey,C,,https://www.spotrac.com/mlb/player/_/id/7511,
Buchholz_82,3543,Clay,Buchholz,SP,,https://www.spotrac.com/mlb/player/_/id/82,
Gardner_5311,9927,Brett,Gardner,LF,,https://www.spotrac.com/mlb/player/_/id/5311,
Blanco_7554,1907,Andres,Blanco,SS,,https://www.spotrac.com/mlb/player/_/id/7554,
Bard_5185,7115,Daniel,Bard,RP,,https://www.spotrac.com/mlb/player/_/id/5185,
Kershaw_5273,2036,Clayton,Kershaw,SP,,https://www.spotrac.com/mlb/player/_/id/5273,
Sandoval_5355,5409,Pablo,Sandoval,3B,,https://www.spotrac.com/mlb/player/_/id/5355,
Heyward_7231,4940,Jason,Heyward,RF,,https://www.spotrac.com/mlb/player/_/id/7231,
Beckham_7272,9015,Gordon,Beckham,2B,,https://www.spotrac.com/mlb/player/_/id/7272,
Happ_5326,7410,J.A.,Happ,SP,,https://www.spotrac.com/mlb/player/_/id/5326,
Richard_5206,3551,Clayton,Richard,SP,,https://www.spotrac.com/mlb/player/_/id/5206,
McGehee_5286,6086,Casey,McGehee,3B,,https://www.spotrac.com/mlb/player/_/id/5286,
Duensing_7438,4064,Brian,Duensing,RP,,https://www.spotrac.com/mlb/player/_/id/7438,
Latos_7505,3815,Mat,Latos,SP,,https://www.spotrac.com/mlb/player/_/id/7505,
Robertson_7466,8241,David,Robertson,RP,,https://www.spotrac.com/mlb/player/_/id/7466,
Feliz_7556,18,Neftali,Feliz,RP,,https://www.spotrac.com/mlb/player/_/id/7556,
Jones_7484,2714,Garrett,Jones,RF,,https://www.spotrac.com/mlb/player/_/id/7484,
McCutchen_7489,9847,Andrew,McCutchen,CF,,https://www.spotrac.com/mlb/player/_/id/7489,
Wieters_7247,4298,Matt,Wieters,C,,https://www.spotrac.com/mlb/player/_/id/7247,
Andrus_5396,8709,Elvis,Andrus,SS,,https://www.spotrac.com/mlb/player/_/id/5396,
Niese_7456,4424,Jonathan,Niese,RP,,https://www.spotrac.com/mlb/player/_/id/7456,
Stubbs_7290,9328,Drew,Stubbs,CF,,https://www.spotrac.com/mlb/player/_/id/7290,
Lowrie_5192,4418,Jed,Lowrie,2B,,https://www.spotrac.com/mlb/player/_/id/5192,
Bumgarner_7510,5524,Madison,Bumgarner,SP,,https://www.spotrac.com/mlb/player/_/id/7510,
Romo_5359,9817,Sergio,Romo,RP,,https://www.spotrac.com/mlb/player/_/id/5359,
Gregerson_5339,4090,Luke,Gregerson,RP,,https://www.spotrac.com/mlb/player/_/id/5339,
Venable_7508,211,Will,Venable,CF,,https://www.spotrac.com/mlb/player/_/id/7508,
Narveson_7371,2141,Chris,Narveson,RP,,https://www.spotrac.com/mlb/player/_/id/7371,
Cecil_5403,2660,Brett,Cecil,RP,,https://www.spotrac.com/mlb/player/_/id/5403,
Chavez_5330,5448,Jesse,Chavez,RP,,https://www.spotrac.com/mlb/player/_/id/5330,
Rasmus_5378,9893,Colby,Rasmus,LF,,https://www.spotrac.com/mlb/player/_/id/5378,
Clippard_7541,5640,Tyler,Clippard,RP,,https://www.spotrac.com/mlb/player/_/id/7541,
Axford_7363,9059,John,Axford,RP,,https://www.spotrac.com/mlb/player/_/id/7363,
Hunter_7558,1157,Tommy,Hunter,RP,,https://www.spotrac.com/mlb/player/_/id/7558,
Desmond_7542,6885,Ian,Desmond,LF,,https://www.spotrac.com/mlb/player/_/id/7542,
Morton_7491,4676,Charlie,Morton,SP,,https://www.spotrac.com/mlb/player/_/id/7491,
Castro_7264,4579,Starlin,Castro,2B,,https://www.spotrac.com/mlb/player/_/id/7264,
Cahill_5316,6249,Trevor,Cahill,SP,,https://www.spotrac.com/mlb/player/_/id/5316,
Hundley_5342,3376,Nick,Hundley,C,,https://www.spotrac.com/mlb/player/_/id/5342,
Norris_7336,9492,Bud,Norris,SP,,https://www.spotrac.com/mlb/player/_/id/7336,
Valencia_7445,6364,Danny,Valencia,3B,,https://www.spotrac.com/mlb/player/_/id/7445,
Walker_7499,7539,Neil,Walker,2B,,https://www.spotrac.com/mlb/player/_/id/7499,
Fister_7518,9425,Doug,Fister,SP,,https://www.spotrac.com/mlb/player/_/id/7518,
Snider_5408,2830,Travis,Snider,RF,,https://www.spotrac.com/mlb/player/_/id/5408,
Motte_5373,5861,Jason,Motte,RP,,https://www.spotrac.com/mlb/player/_/id/5373,
Jepsen_7321,6475,Kevin,Jepsen,RP,,https://www.spotrac.com/mlb/player/_/id/7321,
Thatcher_687,4620,Joe,Thatcher,RP,,https://www.spotrac.com/mlb/player/_/id/687,
Nova_7464,1994,Ivan,Nova,SP,,https://www.spotrac.com/mlb/player/_/id/7464,
Sanchez_7338,3492,Angel,Sanchez,RP,,https://www.spotrac.com/mlb/player/_/id/7338,
Davis_7447,8433,Ike,Davis,1B,,https://www.spotrac.com/mlb/player/_/id/7447,
Holland_5390,4141,Derek,Holland,SP,,https://www.spotrac.com/mlb/player/_/id/5390,
Rzepczynski_7355,6612,Marc,Rzepczynski,RP,,https://www.spotrac.com/mlb/player/_/id/7355,
Maybin_327,5223,Cameron,Maybin,CF,,https://www.spotrac.com/mlb/player/_/id/327,
Butera_7437,3411,Drew,Butera,C,,https://www.spotrac.com/mlb/player/_/id/7437,
Harrison_5389,5551,Matt,Harrison,SP,,https://www.spotrac.com/mlb/player/_/id/5389,
Rodriguez_7538,6589,Sean,Rodriguez,2B,,https://www.spotrac.com/mlb/player/_/id/7538,
Escobar_7417,6310,Alcides,Escobar,SS,,https://www.spotrac.com/mlb/player/_/id/7417,
Cashner_7263,8782,Andrew,Cashner,SP,,https://www.spotrac.com/mlb/player/_/id/7263,
Russell_7270,4089,James,Russell,RP,,https://www.spotrac.com/mlb/player/_/id/7270,
Joyce_7534,3353,Matt,Joyce,RF,,https://www.spotrac.com/mlb/player/_/id/7534,
Parra_7224,8553,Gerardo,Parra,LF,,https://www.spotrac.com/mlb/player/_/id/7224,
Moreland_7560,3086,Mitch,Moreland,1B,,https://www.spotrac.com/mlb/player/_/id/7560,
Brignac_7525,8380,Reid,Brignac,3B,,https://www.spotrac.com/mlb/player/_/id/7525,
Avila_7381,7476,Alex,Avila,C,,https://www.spotrac.com/mlb/player/_/id/7381,
Sale_7278,10603,Chris,Sale,SP,,https://www.spotrac.com/mlb/player/_/id/7278,
Barton_601,5928,Daric,Barton,1B,,https://www.spotrac.com/mlb/player/_/id/601,
Bonifacio_5250,4054,Emilio,Bonifacio,CF,,https://www.spotrac.com/mlb/player/_/id/5250,
Leake_7285,10130,Mike,Leake,SP,,https://www.spotrac.com/mlb/player/_/id/7285,
Johnson_7333,1191,Chris,Johnson,3B,,https://www.spotrac.com/mlb/player/_/id/7333,
Fowler_5231,4062,Dexter,Fowler,CF,,https://www.spotrac.com/mlb/player/_/id/5231,
Lucroy_7368,7870,Jonathan,Lucroy,C,,https://www.spotrac.com/mlb/player/_/id/7368,
Hernandez_7211,4259,David,Hernandez,RP,,https://www.spotrac.com/mlb/player/_/id/7211,
Kennedy_588,6986,Ian,Kennedy,SP,,https://www.spotrac.com/mlb/player/_/id/588,
Bourgeois_7646,2225,Jason,Bourgeois,LF,,https://www.spotrac.com/mlb/player/_/id/7646,
Wood_7292,9884,Travis,Wood,SP,,https://www.spotrac.com/mlb/player/_/id/7292,
Murphy_5301,4316,Daniel,Murphy,2B,,https://www.spotrac.com/mlb/player/_/id/5301,
Brantley_7294,4106,Michael,Brantley,LF,,https://www.spotrac.com/mlb/player/_/id/7294,
Castro_7327,8722,Jason,Castro,C,,https://www.spotrac.com/mlb/player/_/id/7327,
Ellis_7427,5677,A.J.,Ellis,C,,https://www.spotrac.com/mlb/player/_/id/7427,
Melancon_7335,4264,Mark,Melancon,RP,,https://www.spotrac.com/mlb/player/_/id/7335,
Gonzalez_7342,7448,Gio,Gonzalez,SP,,https://www.spotrac.com/mlb/player/_/id/7342,
Blevins_7341,7841,Jerry,Blevins,RP,,https://www.spotrac.com/mlb/player/_/id/7341,
Thole_7459,9689,Josh,Thole,C,,https://www.spotrac.com/mlb/player/_/id/7459,
Saunders_7523,9981,Michael,Saunders,LF,,https://www.spotrac.com/mlb/player/_/id/7523,
Nunez_7465,6848,Eduardo,Nunez,SS,,https://www.spotrac.com/mlb/player/_/id/7465,
Heisey_7284,3978,Chris,Heisey,LF,,https://www.spotrac.com/mlb/player/_/id/7284,
Kimbrel_7233,6655,Craig,Kimbrel,RP,,https://www.spotrac.com/mlb/player/_/id/7233,
Martínez_7361,5337,Cristhian,Martínez,RP,,https://www.spotrac.com/mlb/player/_/id/7361,
Hudson_7221,7146,Daniel,Hudson,RP,,https://www.spotrac.com/mlb/player/_/id/7221,
Arrieta_7237,4153,Jake,Arrieta,SP,,https://www.spotrac.com/mlb/player/_/id/7237,
Manship_7441,6865,Jeff,Manship,RP,,https://www.spotrac.com/mlb/player/_/id/7441,
Chacin_7307,2608,Jhoulys,Chacin,SP,,https://www.spotrac.com/mlb/player/_/id/7307,
Smoak_6967,9054,Justin,Smoak,1B,,https://www.spotrac.com/mlb/player/_/id/6967,
Davis_5397,9272,Chris,Davis,1B,,https://www.spotrac.com/mlb/player/_/id/5397,
Enright_7218,2412,Barry,Enright,SP,,https://www.spotrac.com/mlb/player/_/id/7218,
Schlereth_7386,8739,Daniel,Schlereth,RP,,https://www.spotrac.com/mlb/player/_/id/7386,
Storen_6802,6983,Drew,Storen,RP,,https://www.spotrac.com/mlb/player/_/id/6802,
Abad_7326,4994,Fernando,Abad,RP,,https://www.spotrac.com/mlb/player/_/id/7326,
Ondrusek_7288,3677,Logan,Ondrusek,RP,,https://www.spotrac.com/mlb/player/_/id/7288,
Moore_7521,9362,Adam,Moore,C,,https://www.spotrac.com/mlb/player/_/id/7521,
Nava_7256,5450,Daniel,Nava,LF,,https://www.spotrac.com/mlb/player/_/id/7256,
Reddick_7258,3892,Josh,Reddick,RF,,https://www.spotrac.com/mlb/player/_/id/7258,
Tomlin_7306,9388,Josh,Tomlin,SP,,https://www.spotrac.com/mlb/player/_/id/7306,
Tillman_7245,5279,Chris,Tillman,SP,,https://www.spotrac.com/mlb/player/_/id/7245,
Barney_7260,2430,Darwin,Barney,SS,,https://www.spotrac.com/mlb/player/_/id/7260,
Santana_7304,2396,Carlos,Santana,1B,,https://www.spotrac.com/mlb/player/_/id/7304,
Gentry_7557,9571,Craig,Gentry,LF,,https://www.spotrac.com/mlb/player/_/id/7557,
Freese_7376,9549,David,Freese,3B,,https://www.spotrac.com/mlb/player/_/id/7376,
Stanton_6864,4949,Giancarlo,Stanton,RF,,https://www.spotrac.com/mlb/player/_/id/6864,
Jay_7377,5227,Jon,Jay,CF,,https://www.spotrac.com/mlb/player/_/id/7377,
Jansen_7635,3096,Kenley,Jansen,RP,,https://www.spotrac.com/mlb/player/_/id/7635,
Strop_7563,4070,Pedro,Strop,RP,,https://www.spotrac.com/mlb/player/_/id/7563,
Carrasco_7295,6632,Carlos,Carrasco,SP,,https://www.spotrac.com/mlb/player/_/id/7295,
Luebke_7507,1984,Cory,Luebke,RP,,https://www.spotrac.com/mlb/player/_/id/7507,
McGee_7535,7550,Jake,McGee,RP,,https://www.spotrac.com/mlb/player/_/id/7535,
Espinosa_7543,9219,Danny,Espinosa,SS,,https://www.spotrac.com/mlb/player/_/id/7543,
Zimmermann_5413,4505,Jordan,Zimmermann,SP,,https://www.spotrac.com/mlb/player/_/id/5413,
Ramos_7550,1433,Wilson,Ramos,C,,https://www.spotrac.com/mlb/player/_/id/7550,
Moss_98,4467,Brandon,Moss,DH,,https://www.spotrac.com/mlb/player/_/id/98,
Freeman_7359,5361,Freddie,Freeman,1B,,https://www.spotrac.com/mlb/player/_/id/7359,
Jeffress_7419,9490,Jeremy,Jeffress,RP,,https://www.spotrac.com/mlb/player/_/id/7419,
Belisario_9160,2203,Ronald,Belisario,RP,,https://www.spotrac.com/mlb/player/_/id/9160,
Pestano_7302,4782,Vinnie,Pestano,RP,,https://www.spotrac.com/mlb/player/_/id/7302,
Reed_8496,10586,Addison,Reed,RP,,https://www.spotrac.com/mlb/player/_/id/8496,
Alburquerque_8511,6324,Al,Alburquerque,RP,,https://www.spotrac.com/mlb/player/_/id/8511,
De Aza_7273,3371,Alejandro,De Aza,LF,,https://www.spotrac.com/mlb/player/_/id/7273,
Cobb_8473,6562,Alex,Cobb,SP,,https://www.spotrac.com/mlb/player/_/id/8473,
Craig_7633,3433,Allen,Craig,RF,,https://www.spotrac.com/mlb/player/_/id/7633,
Brown_11610,3837,Andrew,Brown,LF,,https://www.spotrac.com/mlb/player/_/id/11610,
Carignan_8592,2431,Andrew,Carignan,RP,,https://www.spotrac.com/mlb/player/_/id/8592,
Romine_8551,1159,Andrew,Romine,SS,,https://www.spotrac.com/mlb/player/_/id/8551,
Rizzo_8670,3473,Anthony,Rizzo,1B,,https://www.spotrac.com/mlb/player/_/id/8670,
Vizcaino_8636,5498,Arodys,Vizcaino,RP,,https://www.spotrac.com/mlb/player/_/id/8636,
Romine_8461,5491,Austin,Romine,C,,https://www.spotrac.com/mlb/player/_/id/8461,
Hand_8640,9111,Brad,Hand,RP,,https://www.spotrac.com/mlb/player/_/id/8640,
Peacock_8601,5401,Brad,Peacock,SP,,https://www.spotrac.com/mlb/player/_/id/8601,
Belt_7629,10264,Brandon,Belt,1B,,https://www.spotrac.com/mlb/player/_/id/7629,
Crawford_8745,5343,Brandon,Crawford,SS,,https://www.spotrac.com/mlb/player/_/id/8745,
Dickson_8728,6979,Brandon,Dickson,SP,,https://www.spotrac.com/mlb/player/_/id/8728,
Guyer_8480,2636,Brandon,Guyer,RF,,https://www.spotrac.com/mlb/player/_/id/8480,
Kintzler_7367,9939,Brandon,Kintzler,RP,,https://www.spotrac.com/mlb/player/_/id/7367,
Snyder_7243,9856,Brandon,Snyder,3B,,https://www.spotrac.com/mlb/player/_/id/7243,
Shaw_8798,8110,Bryan,Shaw,RP,,https://www.spotrac.com/mlb/player/_/id/8798,
Blackmon_9156,7859,Charlie,Blackmon,CF,,https://www.spotrac.com/mlb/player/_/id/9156,
Gillaspie_8746,9009,Conor,Gillaspie,3B,,https://www.spotrac.com/mlb/player/_/id/8746,
Kluber_8504,2429,Corey,Kluber,SP,,https://www.spotrac.com/mlb/player/_/id/8504,
Gearrin_8633,7947,Cory,Gearrin,RP,,https://www.spotrac.com/mlb/player/_/id/8633,
Stammen_7552,7274,Craig,Stammen,RP,,https://www.spotrac.com/mlb/player/_/id/7552,
LeMahieu_10696,9874,D.J.,LeMahieu,2B,,https://www.spotrac.com/mlb/player/_/id/10696,
Descalso_7375,8392,Daniel,Descalso,3B,,https://www.spotrac.com/mlb/player/_/id/7375,
Duffy_8520,3542,Danny,Duffy,SP,,https://www.spotrac.com/mlb/player/_/id/8520,
Farquhar_8485,8501,Danny,Farquhar,RP,,https://www.spotrac.com/mlb/player/_/id/8485,
Carpenter_8684,3959,David,Carpenter,RP,,https://www.spotrac.com/mlb/player/_/id/8684,
Strange-Gordon_8765,8203,Dee,Strange-Gordon,2B,,https://www.spotrac.com/mlb/player/_/id/8765,
Betances_8456,6216,Dellin,Betances,RP,,https://www.spotrac.com/mlb/player/_/id/8456,
Mesoraco_8674,5666,Devin,Mesoraco,C,,https://www.spotrac.com/mlb/player/_/id/8674,
Brown_7471,3154,Domonic,Brown,LF,,https://www.spotrac.com/mlb/player/_/id/7471,
Pomeranz_8709,11426,Drew,Pomeranz,SP,,https://www.spotrac.com/mlb/player/_/id/8709,
Escobar_8500,6153,Eduardo,Escobar,SS,,https://www.spotrac.com/mlb/player/_/id/8500,
Hosmer_8531,3516,Eric,Hosmer,1B,,https://www.spotrac.com/mlb/player/_/id/8531,
Sogard_7345,7927,Eric,Sogard,2B,,https://www.spotrac.com/mlb/player/_/id/7345,
Thames_8493,3711,Eric,Thames,1B,,https://www.spotrac.com/mlb/player/_/id/8493,
Kratz_8655,4403,Erik,Kratz,C,,https://www.spotrac.com/mlb/player/_/id/8655,
Carrera_8510,9048,Ezequiel,Carrera,CF,,https://www.spotrac.com/mlb/player/_/id/8510,
Richards_8548,9784,Garrett,Richards,SP,,https://www.spotrac.com/mlb/player/_/id/8548,
Kontos_8457,9486,George,Kontos,RP,,https://www.spotrac.com/mlb/player/_/id/8457,
Holland_7418,7196,Greg,Holland,RP,,https://www.spotrac.com/mlb/player/_/id/7418,
Santiago_8497,4026,Hector,Santiago,RP,,https://www.spotrac.com/mlb/player/_/id/8497,
Alvarez III_8481,5669,Henderson,Alvarez III,SP,,https://www.spotrac.com/mlb/player/_/id/8481,
Shuck_8691,6677,J.B.,Shuck,LF,,https://www.spotrac.com/mlb/player/_/id/8691,
Martinez_8690,6184,J.D.,Martinez,DH,,https://www.spotrac.com/mlb/player/_/id/8690,
Hughes_8703,9325,Jared,Hughes,RP,,https://www.spotrac.com/mlb/player/_/id/8703,
Dyson_7416,4866,Jarrod,Dyson,RF,,https://www.spotrac.com/mlb/player/_/id/7416,
Kipnis_8508,9776,Jason,Kipnis,2B,,https://www.spotrac.com/mlb/player/_/id/8508,
Guerra_8762,7407,Javy,Guerra,RP,,https://www.spotrac.com/mlb/player/_/id/8762,
Mejia_7454,8476,Jenrry,Mejia,RP,,https://www.spotrac.com/mlb/player/_/id/7454,
Carreño_8484,2746,Joel,Carreño,RP,,https://www.spotrac.com/mlb/player/_/id/8484,
Lyles_8685,7593,Jordan,Lyles,SP,,https://www.spotrac.com/mlb/player/_/id/8685,
Schafer_5177,9883,Jordan,Schafer,CF,,https://www.spotrac.com/mlb/player/_/id/5177,
Walden_7324,3271,Jordan,Walden,RP,,https://www.spotrac.com/mlb/player/_/id/7324,
Altuve_8688,5417,Jose,Altuve,2B,,https://www.spotrac.com/mlb/player/_/id/8688,
Lobaton_8479,4243,Jose,Lobaton,C,,https://www.spotrac.com/mlb/player/_/id/8479,
Donaldson_8604,5038,Josh,Donaldson,3B,,https://www.spotrac.com/mlb/player/_/id/8604,
Harrison_8707,8202,Josh,Harrison,2B,,https://www.spotrac.com/mlb/player/_/id/8707,
Lindblom_8763,7882,Josh,Lindblom,SP,,https://www.spotrac.com/mlb/player/_/id/8763,
Abreu_8683,6306,Juan,Abreu,RP,,https://www.spotrac.com/mlb/player/_/id/8683,
Nicasio_7312,7731,Juan,Nicasio,RP,,https://www.spotrac.com/mlb/player/_/id/7312,
Teherán_8634,6797,Julio,Teherán,SP,,https://www.spotrac.com/mlb/player/_/id/8634,
Turner_8649,5235,Justin,Turner,3B,,https://www.spotrac.com/mlb/player/_/id/8649,
Herrera_8522,6033,Kelvin,Herrera,RP,,https://www.spotrac.com/mlb/player/_/id/8522,
Seager_8618,9785,Kyle,Seager,3B,,https://www.spotrac.com/mlb/player/_/id/8618,
Lynn_8730,2520,Lance,Lynn,SP,,https://www.spotrac.com/mlb/player/_/id/8730,
Hendriks_8537,3548,Liam,Hendriks,RP,,https://www.spotrac.com/mlb/player/_/id/8537,
Forsythe_8793,7185,Logan,Forsythe,2B,,https://www.spotrac.com/mlb/player/_/id/8793,
Morrison_7405,9205,Logan,Morrison,DH,,https://www.spotrac.com/mlb/player/_/id/7405,
Schafer_8702,7937,Logan,Schafer,LF,,https://www.spotrac.com/mlb/player/_/id/8702,
Chisenhall_8507,7571,Lonnie,Chisenhall,RF,,https://www.spotrac.com/mlb/player/_/id/8507,
Cain_7415,9077,Lorenzo,Cain,CF,,https://www.spotrac.com/mlb/player/_/id/7415,
Duda_7448,2502,Lucas,Duda,1B,,https://www.spotrac.com/mlb/player/_/id/7448,
Valbuena_5225,4969,Luis,Valbuena,3B,,https://www.spotrac.com/mlb/player/_/id/5225,
Pina_8525,2829,Manuel,Pina,C,,https://www.spotrac.com/mlb/player/_/id/8525,
Trumbo_7323,6876,Mark,Trumbo,DH,,https://www.spotrac.com/mlb/player/_/id/7323,
Maldonado_8699,6887,Martin,Maldonado,C,,https://www.spotrac.com/mlb/player/_/id/8699,
Gamel_5285,4034,Mat,Gamel,1B,,https://www.spotrac.com/mlb/player/_/id/5285,
Carpenter_8735,8090,Matt,Carpenter,3B,,https://www.spotrac.com/mlb/player/_/id/8735,
Moore_8477,1890,Matt,Moore,SP,,https://www.spotrac.com/mlb/player/_/id/8477,
Fiers_8696,7754,Michael,Fiers,SP,,https://www.spotrac.com/mlb/player/_/id/8696,
Kohn_7627,8505,Michael,Kohn,RP,,https://www.spotrac.com/mlb/player/_/id/7627,
Martínez_7473,7358,Michael,Martínez,2B,,https://www.spotrac.com/mlb/player/_/id/7473,
Pineda_7642,5372,Michael,Pineda,SP,,https://www.spotrac.com/mlb/player/_/id/7642,
Dunn_7399,9948,Mike,Dunn,RP,,https://www.spotrac.com/mlb/player/_/id/7399,
Minor_7235,10021,Mike,Minor,RP,,https://www.spotrac.com/mlb/player/_/id/7235,
Moustakas_8532,4892,Mike,Moustakas,3B,,https://www.spotrac.com/mlb/player/_/id/8532,
Trout_8553,10155,Mike,Trout,CF,,https://www.spotrac.com/mlb/player/_/id/8553,
Adcock_7661,3282,Nathan,Adcock,RP,,https://www.spotrac.com/mlb/player/_/id/7661,
Eovaldi_8761,9132,Nathan,Eovaldi,SP,,https://www.spotrac.com/mlb/player/_/id/8761,
Goldschmidt_9144,9218,Paul,Goldschmidt,1B,,https://www.spotrac.com/mlb/player/_/id/9144,
Kozma_8749,2539,Pete,Kozma,SS,,https://www.spotrac.com/mlb/player/_/id/8749,
Dolis_8663,4185,Rafael,Dolis,RP,,https://www.spotrac.com/mlb/player/_/id/8663,
Chirinos_7527,3142,Robinson,Chirinos,C,,https://www.spotrac.com/mlb/player/_/id/7527,
Detwiler_5410,2859,Ross,Detwiler,SP,,https://www.spotrac.com/mlb/player/_/id/5410,
Tejada_7458,5519,Ruben,Tejada,SS,,https://www.spotrac.com/mlb/player/_/id/7458,
Adams_8441,6343,Ryan,Adams,2B,,https://www.spotrac.com/mlb/player/_/id/8441,
Cook_8594,8855,Ryan,Cook,RP,,https://www.spotrac.com/mlb/player/_/id/8594,
Lavarnway_8452,8879,Ryan,Lavarnway,C,,https://www.spotrac.com/mlb/player/_/id/8452,
Perez_8524,7304,Salvador,Perez,C,,https://www.spotrac.com/mlb/player/_/id/8524,
Robinson_5379,4249,Shane,Robinson,CF,,https://www.spotrac.com/mlb/player/_/id/5379,
Cishek_7395,6483,Steve,Cishek,RP,,https://www.spotrac.com/mlb/player/_/id/7395,
Delabar_8612,11827,Steve,Delabar,RP,,https://www.spotrac.com/mlb/player/_/id/8612,
Collins_7664,3164,Tim,Collins,RP,,https://www.spotrac.com/mlb/player/_/id/7664,
Dillard_8694,5518,Tim,Dillard,RP,,https://www.spotrac.com/mlb/player/_/id/8694,
Federowicz_8764,8609,Tim,Federowicz,C,,https://www.spotrac.com/mlb/player/_/id/8764,
Frazier_8675,785,Todd,Frazier,3B,,https://www.spotrac.com/mlb/player/_/id/8675,
Wilhelmsen_7644,9975,Tom,Wilhelmsen,RP,,https://www.spotrac.com/mlb/player/_/id/7644,
Milone_8598,7608,Tommy,Milone,RP,,https://www.spotrac.com/mlb/player/_/id/8598,
Campana_8672,4964,Tony,Campana,LF,,https://www.spotrac.com/mlb/player/_/id/8672,
Watson_8706,3132,Tony,Watson,RP,,https://www.spotrac.com/mlb/player/_/id/8706,
Patton_69,8368,Troy,Patton,RP,,https://www.spotrac.com/mlb/player/_/id/69,
Chatwood_9152,4338,Tyler,Chatwood,SP,,https://www.spotrac.com/mlb/player/_/id/9152,
Flowers_7274,9134,Tyler,Flowers,C,,https://www.spotrac.com/mlb/player/_/id/7274,
Ross_8602,7872,Tyson,Ross,SP,,https://www.spotrac.com/mlb/player/_/id/8602,
Worley_7477,6435,Vance,Worley,RP,,https://www.spotrac.com/mlb/player/_/id/7477,
Rottino_10678,5202,Vinny,Rottino,LF,,https://www.spotrac.com/mlb/player/_/id/10678,
LeBlanc_7506,5221,Wade,LeBlanc,RP,,https://www.spotrac.com/mlb/player/_/id/7506,
Miley_8797,8779,Wade,Miley,SP,,https://www.spotrac.com/mlb/player/_/id/8797,
Castillo_8666,3256,Welington,Castillo,C,,https://www.spotrac.com/mlb/player/_/id/8666,
Font_8623,5257,Wilmer,Font,RP,,https://www.spotrac.com/mlb/player/_/id/8623,
Petit_122,4020,Yusmeiro,Petit,RP,,https://www.spotrac.com/mlb/player/_/id/122,
McAllister_8505,2895,Zach,McAllister,RP,,https://www.spotrac.com/mlb/player/_/id/8505,
Putnam_8506,9080,Zach,Putnam,RP,,https://www.spotrac.com/mlb/player/_/id/8506,
Stewart_8498,7397,Zach,Stewart,SP,,https://www.spotrac.com/mlb/player/_/id/8498,
Britton_8437,3240,Zack,Britton,RP,,https://www.spotrac.com/mlb/player/_/id/8437,
Cozart_8676,2616,Zack,Cozart,SS,,https://www.spotrac.com/mlb/player/_/id/8676,
De La Rosa_8759,3862,Rubby,De La Rosa,SP,,https://www.spotrac.com/mlb/player/_/id/8759,
Brach_8773,6627,Brad,Brach,RP,,https://www.spotrac.com/mlb/player/_/id/8773,
Bass_8772,7982,Anthony,Bass,RP,,https://www.spotrac.com/mlb/player/_/id/8772,
Davis_7528,7441,Wade,Davis,RP,,https://www.spotrac.com/mlb/player/_/id/7528,
Peralta_8697,7738,Wily,Peralta,RP,,https://www.spotrac.com/mlb/player/_/id/8697,
Gonzalez_7174,7287,Carlos,Gonzalez,RF,,https://www.spotrac.com/mlb/player/_/id/7174,
Cahill_5316,6249,Trevor,Cahill,SP,,https://www.spotrac.com/mlb/player/_/id/5316,
Davis_7528,7441,Wade,Davis,RP,,https://www.spotrac.com/mlb/player/_/id/7528,
Hanigan_215,4952,Ryan,Hanigan,C,,https://www.spotrac.com/mlb/player/_/id/215,
Fielder_493,4613,Prince,Fielder,DH,,https://www.spotrac.com/mlb/player/_/id/493,
Weaver_455,4235,Jered,Weaver,SP,,https://www.spotrac.com/mlb/player/_/id/455,
Capps_692,4788,Matt,Capps,RP,,https://www.spotrac.com/mlb/player/_/id/692,
Pence_382,8252,Hunter,Pence,LF,,https://www.spotrac.com/mlb/player/_/id/382,
Ross_338,1760,Cody,Ross,RF,,https://www.spotrac.com/mlb/player/_/id/338,
Danks_173,6329,John,Danks,SP,,https://www.spotrac.com/mlb/player/_/id/173,
Garza_856,3340,Matt,Garza,SP,,https://www.spotrac.com/mlb/player/_/id/856,
Napoli_445,3057,Mike,Napoli,1B,,https://www.spotrac.com/mlb/player/_/id/445,
Guthrie_56,2072,Jeremy,Guthrie,SP,,https://www.spotrac.com/mlb/player/_/id/56,
Aardsma_79,1902,David,Aardsma,RP,,https://www.spotrac.com/mlb/player/_/id/79,
Bourn_371,6387,Michael,Bourn,CF,,https://www.spotrac.com/mlb/player/_/id/371,
Liriano_5289,3201,Francisco,Liriano,RP,,https://www.spotrac.com/mlb/player/_/id/5289,
Choo_245,3174,Shin-Soo,Choo,RF,,https://www.spotrac.com/mlb/player/_/id/245,
Sánchez_339,3284,Aníbal,Sánchez,RP,,https://www.spotrac.com/mlb/player/_/id/339,
Cruz_5398,2434,Nelson,Cruz,DH,,https://www.spotrac.com/mlb/player/_/id/5398,
Kendrick_439,4229,Howie,Kendrick,LF,,https://www.spotrac.com/mlb/player/_/id/439,
Jones_61,6368,Adam,Jones,CF,,https://www.spotrac.com/mlb/player/_/id/61,
Prado_33,3312,Martín,Prado,3B,,https://www.spotrac.com/mlb/player/_/id/33,
Morales_5271,8610,Kendrys,Morales,DH,,https://www.spotrac.com/mlb/player/_/id/5271,
Ellsbury_92,4727,Jacoby,Ellsbury,CF,,https://www.spotrac.com/mlb/player/_/id/92,
Vargas_5364,8044,Jason,Vargas,SP,,https://www.spotrac.com/mlb/player/_/id/5364,
Kendrick_642,6230,Kyle,Kendrick,SP,,https://www.spotrac.com/mlb/player/_/id/642,
Murphy_888,6035,David,Murphy,DH,,https://www.spotrac.com/mlb/player/_/id/888,
Headley_5345,4720,Chase,Headley,3B,,https://www.spotrac.com/mlb/player/_/id/5345,
Morrow_5361,9346,Brandon,Morrow,RP,,https://www.spotrac.com/mlb/player/_/id/5361,
Pérez_5374,5213,Chris,Pérez,RP,,https://www.spotrac.com/mlb/player/_/id/5374,
Cabrera_242,4962,Asdrubal,Cabrera,2B,,https://www.spotrac.com/mlb/player/_/id/242,
Callaspo_397,3336,Alberto,Callaspo,3B,,https://www.spotrac.com/mlb/player/_/id/397,
Hochevar_410,6943,Luke,Hochevar,RP,,https://www.spotrac.com/mlb/player/_/id/410,
Mathis_442,3448,Jeff,Mathis,C,,https://www.spotrac.com/mlb/player/_/id/442,
Volquez_227,3990,Edinson,Volquez,SP,,https://www.spotrac.com/mlb/player/_/id/227,
Breslow_5287,4363,Craig,Breslow,RP,,https://www.spotrac.com/mlb/player/_/id/5287,
Gordon_406,5209,Alex,Gordon,LF,,https://www.spotrac.com/mlb/player/_/id/406,
Chamberlain_577,2692,Joba,Chamberlain,RP,,https://www.spotrac.com/mlb/player/_/id/577,
Hanrahan_924,2186,Joel,Hanrahan,RP,,https://www.spotrac.com/mlb/player/_/id/924,
O'Day_5392,3321,Darren,O'Day,RP,,https://www.spotrac.com/mlb/player/_/id/5392,
Ziegler_5321,7293,Brad,Ziegler,RP,,https://www.spotrac.com/mlb/player/_/id/5321,
Loe_7208,4422,Kameron,Loe,RP,,https://www.spotrac.com/mlb/player/_/id/7208,
Johnson_5180,3656,Jim,Johnson,RP,,https://www.spotrac.com/mlb/player/_/id/5180,
Smith_564,3281,Joe,Smith,RP,,https://www.spotrac.com/mlb/player/_/id/564,
Casilla_7181,5248,Alexi,Casilla,2B,,https://www.spotrac.com/mlb/player/_/id/7181,
Paulino_381,3777,Felipe,Paulino,SP,,https://www.spotrac.com/mlb/player/_/id/381,
Tulowitzki_278,3531,Troy,Tulowitzki,SS,,https://www.spotrac.com/mlb/player/_/id/278,
Bautista_690,1887,José,Bautista,RF,,https://www.spotrac.com/mlb/player/_/id/690,
Bruce_5219,9892,Jay,Bruce,RF,,https://www.spotrac.com/mlb/player/_/id/5219,
Votto_228,4314,Joey,Votto,1B,,https://www.spotrac.com/mlb/player/_/id/228,
Rodriguez_384,2586,Wandy,Rodriguez,RP,,https://www.spotrac.com/mlb/player/_/id/384,
Butler_396,7399,Billy,Butler,DH,,https://www.spotrac.com/mlb/player/_/id/396,
Cueto_5213,6893,Johnny,Cueto,SP,,https://www.spotrac.com/mlb/player/_/id/5213,
Nolasco_332,3830,Ricky,Nolasco,SP,,https://www.spotrac.com/mlb/player/_/id/332,
Hart_499,1945,Corey,Hart,RF,,https://www.spotrac.com/mlb/player/_/id/499,
Mármol_151,2790,Carlos,Mármol,RP,,https://www.spotrac.com/mlb/player/_/id/151,
Hammel_832,4538,Jason,Hammel,SP,,https://www.spotrac.com/mlb/player/_/id/832,
Davis_722,3708,Rajai,Davis,CF,,https://www.spotrac.com/mlb/player/_/id/722,
Ryan_797,6073,Brendan,Ryan,1B,,https://www.spotrac.com/mlb/player/_/id/797,
Crawford_849,1201,Carl,Crawford,LF,,https://www.spotrac.com/mlb/player/_/id/849,
Beltré_748,639,Adrián,Beltré,3B,,https://www.spotrac.com/mlb/player/_/id/748,
Martinez_354,393,Victor,Martinez,DH,,https://www.spotrac.com/mlb/player/_/id/354,
Mauer_527,1857,Joe,Mauer,C,,https://www.spotrac.com/mlb/player/_/id/527,
Braun_485,3410,Ryan,Braun,1B,,https://www.spotrac.com/mlb/player/_/id/485,
Halladay_898,1303,Roy,Halladay,SP,,https://www.spotrac.com/mlb/player/_/id/898,
Rolen_918,970,Scott,Rolen,3B,,https://www.spotrac.com/mlb/player/_/id/918,
Samardzija_7271,3254,Jeff,Samardzija,SP,,https://www.spotrac.com/mlb/player/_/id/7271,
Tazawa_7259,4079,Junichi,Tazawa,RP,,https://www.spotrac.com/mlb/player/_/id/7259,
Venters_7236,7175,Jonny,Venters,RP,,https://www.spotrac.com/mlb/player/_/id/7236,
Ishikawa_5354,4793,Travis,Ishikawa,1B,,https://www.spotrac.com/mlb/player/_/id/5354,
Simmons_10673,10847,Andrelton,Simmons,SS,,https://www.spotrac.com/mlb/player/_/id/10673,
Lopez_7212,4227,Wilton,Lopez,RP,,https://www.spotrac.com/mlb/player/_/id/7212,
Sipp_5224,8280,Tony,Sipp,RP,,https://www.spotrac.com/mlb/player/_/id/5224,
Pena_5310,8841,Ramiro,Pena,2B,,https://www.spotrac.com/mlb/player/_/id/5310,
Parnell_5296,9926,Bobby,Parnell,RP,,https://www.spotrac.com/mlb/player/_/id/5296,
Boesch_7382,914,Brennan,Boesch,RF,,https://www.spotrac.com/mlb/player/_/id/7382,
Gee_7452,7396,Dillon,Gee,RP,,https://www.spotrac.com/mlb/player/_/id/7452,
Duncan_579,3620,Shelley,Duncan,LF,,https://www.spotrac.com/mlb/player/_/id/579,
Jaso_7532,5887,John,Jaso,RF,,https://www.spotrac.com/mlb/player/_/id/7532,
Mayberry Jr._7475,3390,John,Mayberry Jr.,RF,,https://www.spotrac.com/mlb/player/_/id/7475,
Revere_7444,4712,Ben,Revere,CF,,https://www.spotrac.com/mlb/player/_/id/7444,
Rodriguez_8686,7558,Fernando,Rodriguez,RP,,https://www.spotrac.com/mlb/player/_/id/8686,
Mazzaro_7422,5231,Vin,Mazzaro,RP,,https://www.spotrac.com/mlb/player/_/id/7422,
Reimold_7242,3441,Nolan,Reimold,LF,,https://www.spotrac.com/mlb/player/_/id/7242,
Pennington_7344,3395,Cliff,Pennington,SS,,https://www.spotrac.com/mlb/player/_/id/7344,
Hellickson_7531,4371,Jeremy,Hellickson,SP,,https://www.spotrac.com/mlb/player/_/id/7531,
Teagarden_5395,5199,Taylor,Teagarden,C,,https://www.spotrac.com/mlb/player/_/id/5395,
Frieri_7504,5178,Ernesto,Frieri,RP,,https://www.spotrac.com/mlb/player/_/id/7504,
Elbert_8760,7489,Scott,Elbert,RP,,https://www.spotrac.com/mlb/player/_/id/8760,
Simon_8440,2155,Alfredo,Simon,SP,,https://www.spotrac.com/mlb/player/_/id/8440,
Swarzak_8539,7466,Anthony,Swarzak,RP,,https://www.spotrac.com/mlb/player/_/id/8539,
Guzman_8794,3118,Jesus,Guzman,1B,,https://www.spotrac.com/mlb/player/_/id/8794,
Estrada_8695,1118,Marco,Estrada,SP,,https://www.spotrac.com/mlb/player/_/id/8695,
Dirks_8517,6453,Andy,Dirks,LF,,https://www.spotrac.com/mlb/player/_/id/8517,
Mateo_8665,6869,Marcos,Mateo,RP,,https://www.spotrac.com/mlb/player/_/id/8665,
McKenry_7310,9628,Michael,McKenry,C,,https://www.spotrac.com/mlb/player/_/id/7310,
Plouffe_7443,7462,Trevor,Plouffe,3B,,https://www.spotrac.com/mlb/player/_/id/7443,
Presley_7495,5305,Alex,Presley,LF,,https://www.spotrac.com/mlb/player/_/id/7495,
Doubront_7253,1478,Felix,Doubront,SP,,https://www.spotrac.com/mlb/player/_/id/7253,
Sanchez_7411,3361,Gaby,Sanchez,1B,,https://www.spotrac.com/mlb/player/_/id/7411,
Gomez_11613,9033,Jeanmar,Gomez,RP,,https://www.spotrac.com/mlb/player/_/id/11613,
Lawrie_8491,5247,Brett,Lawrie,2B,,https://www.spotrac.com/mlb/player/_/id/8491,
Stewart_8744,3878,Chris,Stewart,C,,https://www.spotrac.com/mlb/player/_/id/8744,
Amarista_8550,9063,Alexi,Amarista,SS,,https://www.spotrac.com/mlb/player/_/id/8550,
Young Jr._7316,7158,Eric,Young Jr.,CF,,https://www.spotrac.com/mlb/player/_/id/7316,
Reynolds_7314,8887,Matt,Reynolds,RP,,https://www.spotrac.com/mlb/player/_/id/7314,
Cruz_8734,2802,Tony,Cruz,C,,https://www.spotrac.com/mlb/player/_/id/8734,
Griffin_14332,11132,A.J.,Griffin,RP,,https://www.spotrac.com/mlb/player/_/id/14332,
Pollock_10693,9256,A.J.,Pollock,CF,,https://www.spotrac.com/mlb/player/_/id/10693,
Ramos_11564,8350,A.J.,Ramos,RP,,https://www.spotrac.com/mlb/player/_/id/11564,
Loup_11033,10343,Aaron,Loup,RP,,https://www.spotrac.com/mlb/player/_/id/11033,
Eaton_11309,11205,Adam,Eaton,RF,,https://www.spotrac.com/mlb/player/_/id/11309,
Ottavino_8731,1247,Adam,Ottavino,RP,,https://www.spotrac.com/mlb/player/_/id/8731,
Russell_7539,7334,Adam,Russell,RP,,https://www.spotrac.com/mlb/player/_/id/7539,
Warren_11761,9029,Adam,Warren,RP,,https://www.spotrac.com/mlb/player/_/id/11761,
Cardenas_8607,9514,Adrian,Cardenas,2B,,https://www.spotrac.com/mlb/player/_/id/8607,
Recker_8606,4063,Anthony,Recker,C,,https://www.spotrac.com/mlb/player/_/id/8606,
García_11605,5760,Avisaíl,García,RF,,https://www.spotrac.com/mlb/player/_/id/11605,
Boxberger_11493,10133,Brad,Boxberger,RP,,https://www.spotrac.com/mlb/player/_/id/11493,
Barnes_11597,629,Brandon,Barnes,CF,,https://www.spotrac.com/mlb/player/_/id/11597,
Wallace_7340,8434,Brett,Wallace,3B,,https://www.spotrac.com/mlb/player/_/id/7340,
Dozier_10669,9810,Brian,Dozier,2B,,https://www.spotrac.com/mlb/player/_/id/10669,
Holt_11509,9345,Brock,Holt,2B,,https://www.spotrac.com/mlb/player/_/id/11509,
Raley_11626,10061,Brooks,Raley,RP,,https://www.spotrac.com/mlb/player/_/id/11626,
Holaday_11603,11287,Bryan,Holaday,C,,https://www.spotrac.com/mlb/player/_/id/11603,
Morris_11505,10234,Bryan,Morris,RP,,https://www.spotrac.com/mlb/player/_/id/11505,
Capps_11480,12803,Carter,Capps,RP,,https://www.spotrac.com/mlb/player/_/id/11480,
Culberson_11608,3298,Charlie,Culberson,3B,,https://www.spotrac.com/mlb/player/_/id/11608,
Archer_8471,6345,Chris,Archer,SP,,https://www.spotrac.com/mlb/player/_/id/8471,
Herrmann_11553,9284,Chris,Herrmann,C,,https://www.spotrac.com/mlb/player/_/id/11553,
Withrow_11573,7161,Chris,Withrow,RP,,https://www.spotrac.com/mlb/player/_/id/11573,
Allen_11612,12183,Cody,Allen,RP,,https://www.spotrac.com/mlb/player/_/id/11612,
McHugh_11525,7531,Collin,McHugh,SP,,https://www.spotrac.com/mlb/player/_/id/11525,
Brown_10682,2650,Corey,Brown,CF,,https://www.spotrac.com/mlb/player/_/id/10682,
Keuchel_11592,9434,Dallas,Keuchel,SP,,https://www.spotrac.com/mlb/player/_/id/11592,
Jennings_10674,8073,Dan,Jennings,RP,,https://www.spotrac.com/mlb/player/_/id/10674,
Otero_9416,7385,Dan,Otero,RP,,https://www.spotrac.com/mlb/player/_/id/9416,
Straily_11520,9460,Dan,Straily,SP,,https://www.spotrac.com/mlb/player/_/id/11520,
Ruf_11517,9929,Darin,Ruf,1B,,https://www.spotrac.com/mlb/player/_/id/11517,
Carpenter_10670,9244,David,Carpenter,RP,,https://www.spotrac.com/mlb/player/_/id/10670,
Lough_8533,7215,David,Lough,RF,,https://www.spotrac.com/mlb/player/_/id/8533,
Phelps_10655,6316,David,Phelps,RP,,https://www.spotrac.com/mlb/player/_/id/10655,
Norris_8605,6867,Derek,Norris,C,,https://www.spotrac.com/mlb/player/_/id/8605,
Gregorius_11457,6012,Didi,Gregorius,SS,,https://www.spotrac.com/mlb/player/_/id/11457,
Solano_10675,8623,Donovan,Solano,2B,,https://www.spotrac.com/mlb/player/_/id/10675,
Hutchison_10657,10732,Drew,Hutchison,RP,,https://www.spotrac.com/mlb/player/_/id/10657,
Smyly_10664,11760,Drew,Smyly,SP,,https://www.spotrac.com/mlb/player/_/id/10664,
Ramirez_9418,1699,Erasmo,Ramirez,SP,,https://www.spotrac.com/mlb/player/_/id/9418,
Perez_11449,10299,Eury,Perez,LF,,https://www.spotrac.com/mlb/player/_/id/11449,
Galvis_9167,6609,Freddy,Galvis,SS,,https://www.spotrac.com/mlb/player/_/id/9167,
Hernández_10690,4146,Gorkys,Hernández,CF,,https://www.spotrac.com/mlb/player/_/id/10690,
Conger_7320,2505,Hank,Conger,C,,https://www.spotrac.com/mlb/player/_/id/7320,
Pérez_11604,5751,Hernán,Pérez,LF,,https://www.spotrac.com/mlb/player/_/id/11604,
Sánchez_8743,10289,Héctor,Sánchez,C,,https://www.spotrac.com/mlb/player/_/id/8743,
Hoover_10685,9037,J.J.,Hoover,RP,,https://www.spotrac.com/mlb/player/_/id/10685,
Diekman_9166,5003,Jake,Diekman,RP,,https://www.spotrac.com/mlb/player/_/id/9166,
Elmore_11307,7290,Jake,Elmore,LF,,https://www.spotrac.com/mlb/player/_/id/11307,
Odorizzi_11583,6397,Jake,Odorizzi,SP,,https://www.spotrac.com/mlb/player/_/id/11583,
Segura_11562,5933,Jean,Segura,SS,,https://www.spotrac.com/mlb/player/_/id/11562,
Locke_8704,2929,Jeff,Locke,RP,,https://www.spotrac.com/mlb/player/_/id/8704,
Familia_11524,5114,Jeurys,Familia,RP,,https://www.spotrac.com/mlb/player/_/id/11524,
Kelly_11030,9761,Joe,Kelly,RP,,https://www.spotrac.com/mlb/player/_/id/11030,
Wieland_9415,6109,Joe,Wieland,SP,,https://www.spotrac.com/mlb/player/_/id/9415,
Mercer_10689,6547,Jordy,Mercer,SS,,https://www.spotrac.com/mlb/player/_/id/10689,
Quintana_10660,11423,Jose,Quintana,SP,,https://www.spotrac.com/mlb/player/_/id/10660,
Edgin_11523,10796,Josh,Edgin,RP,,https://www.spotrac.com/mlb/player/_/id/11523,
Francisco_7283,6978,Juan,Francisco,1B,,https://www.spotrac.com/mlb/player/_/id/7283,
Lake_11629,4672,Junior,Lake,LF,,https://www.spotrac.com/mlb/player/_/id/11629,
Profar_11471,10815,Jurickson,Profar,LF,,https://www.spotrac.com/mlb/player/_/id/11471,
Grimm_11467,11720,Justin,Grimm,RP,,https://www.spotrac.com/mlb/player/_/id/11467,
Maxwell_7462,6827,Justin,Maxwell,LF,,https://www.spotrac.com/mlb/player/_/id/7462,
Wilson_11507,4301,Justin,Wilson,RP,,https://www.spotrac.com/mlb/player/_/id/11507,
Nieuwenhuis_9337,6400,Kirk,Nieuwenhuis,CF,,https://www.spotrac.com/mlb/player/_/id/9337,
Calhoun_10671,11200,Kole,Calhoun,RF,,https://www.spotrac.com/mlb/player/_/id/10671,
Negrón_11461,5306,Kris,Negrón,RF,,https://www.spotrac.com/mlb/player/_/id/11461,
Luetge_9417,8337,Lucas,Luetge,RP,,https://www.spotrac.com/mlb/player/_/id/9417,
Avilan_11312,2882,Luis,Avilan,RP,,https://www.spotrac.com/mlb/player/_/id/11312,
Jimenez_11488,2602,Luis,Jimenez,3B,,https://www.spotrac.com/mlb/player/_/id/11488,
Machado_11638,11493,Manny,Machado,3B,,https://www.spotrac.com/mlb/player/_/id/11638,
Pérez_8625,6902,Martín,Pérez,SP,,https://www.spotrac.com/mlb/player/_/id/8625,
Gonzalez_11865,5497,Marwin,Gonzalez,LF,,https://www.spotrac.com/mlb/player/_/id/11865,
Adams_10692,9393,Matt,Adams,1B,,https://www.spotrac.com/mlb/player/_/id/10692,
Hague_9168,7772,Matt,Hague,1B,,https://www.spotrac.com/mlb/player/_/id/9168,
Harvey_11063,11713,Matt,Harvey,SP,,https://www.spotrac.com/mlb/player/_/id/11063,
Szczur_11631,11255,Matt,Szczur,CF,,https://www.spotrac.com/mlb/player/_/id/11631,
Zagurski_658,9683,Mike,Zagurski,RP,,https://www.spotrac.com/mlb/player/_/id/658,
Mikolas_11497,9803,Miles,Mikolas,SP,,https://www.spotrac.com/mlb/player/_/id/11497,
Jones_10659,4696,Nate,Jones,RP,,https://www.spotrac.com/mlb/player/_/id/10659,
Vincent_11499,7555,Nick,Vincent,RP,,https://www.spotrac.com/mlb/player/_/id/11499,
Drake_11636,8823,Oliver,Drake,RP,,https://www.spotrac.com/mlb/player/_/id/11636,
Rodriguez_11570,13398,Paco,Rodriguez,RP,,https://www.spotrac.com/mlb/player/_/id/11570,
Corbin_11006,9323,Patrick,Corbin,SP,,https://www.spotrac.com/mlb/player/_/id/11006,
Clemens_11588,8037,Paul,Clemens,SP,,https://www.spotrac.com/mlb/player/_/id/11588,
Aumont_8650,5362,Phillippe,Aumont,RP,,https://www.spotrac.com/mlb/player/_/id/8650,
Ortega_11611,10323,Rafael,Ortega,CF,,https://www.spotrac.com/mlb/player/_/id/11611,
Brothers_9151,9794,Rex,Brothers,RP,,https://www.spotrac.com/mlb/player/_/id/9151,
Brantly_11566,10655,Rob,Brantly,C,,https://www.spotrac.com/mlb/player/_/id/11566,
Ross_9422,6819,Robbie,Ross,RP,,https://www.spotrac.com/mlb/player/_/id/9422,
Mendez_12045,10307,Roman,Mendez,RP,,https://www.spotrac.com/mlb/player/_/id/12045,
Flaherty_9147,7888,Ryan,Flaherty,3B,,https://www.spotrac.com/mlb/player/_/id/9147,
Dyson_11451,11710,Sam,Dyson,RP,,https://www.spotrac.com/mlb/player/_/id/11451,
Freeman_11475,6832,Sam,Freeman,RP,,https://www.spotrac.com/mlb/player/_/id/11475,
León_10683,5273,Sandy,León,C,,https://www.spotrac.com/mlb/player/_/id/10683,
Barnes_10661,8718,Scott,Barnes,RP,,https://www.spotrac.com/mlb/player/_/id/10661,
Van Slyke_10699,4365,Scott,Van Slyke,LF,,https://www.spotrac.com/mlb/player/_/id/10699,
Doolittle_8596,1581,Sean,Doolittle,RP,,https://www.spotrac.com/mlb/player/_/id/8596,
Tolleson_11571,10481,Shawn,Tolleson,RP,,https://www.spotrac.com/mlb/player/_/id/11571,
Miller_11476,10197,Shelby,Miller,RP,,https://www.spotrac.com/mlb/player/_/id/11476,
Marte_11078,9241,Starling,Marte,CF,,https://www.spotrac.com/mlb/player/_/id/11078,
Fife_11569,8077,Stephen,Fife,SP,,https://www.spotrac.com/mlb/player/_/id/11569,
Vogt_9421,5000,Stephen,Vogt,C,,https://www.spotrac.com/mlb/player/_/id/9421,
Geltz_11577,8402,Steve,Geltz,RP,,https://www.spotrac.com/mlb/player/_/id/11577,
Koehler_11563,6570,Tom,Koehler,RP,,https://www.spotrac.com/mlb/player/_/id/11563,
Abreu_457,5053,Tony,Abreu,2B,,https://www.spotrac.com/mlb/player/_/id/457,
Rosenthal_11478,10745,Trevor,Rosenthal,RP,,https://www.spotrac.com/mlb/player/_/id/11478,
Moore_10120,7244,Tyler,Moore,1B,,https://www.spotrac.com/mlb/player/_/id/10120,
Skaggs_11306,10190,Tyler,Skaggs,SP,,https://www.spotrac.com/mlb/player/_/id/11306,
Thornburg_11561,10688,Tyler,Thornburg,RP,,https://www.spotrac.com/mlb/player/_/id/11561,
Rosario_9153,8002,Wilin,Rosario,1B,,https://www.spotrac.com/mlb/player/_/id/9153,
Harris_11606,3192,Will,Harris,RP,,https://www.spotrac.com/mlb/player/_/id/11606,
Smith_10666,8048,Will,Smith,RP,,https://www.spotrac.com/mlb/player/_/id/10666,
Gomes_11466,9627,Yan,Gomes,C,,https://www.spotrac.com/mlb/player/_/id/11466,
Parker_10684,5224,Blake,Parker,RP,,https://www.spotrac.com/mlb/player/_/id/10684,
Rusin_11627,9895,Chris,Rusin,RP,,https://www.spotrac.com/mlb/player/_/id/11627,
Jimenez_8614,3762,Cesar,Jimenez,RP,,https://www.spotrac.com/mlb/player/_/id/8614,
Hamels_639,4972,Cole,Hamels,SP,,https://www.spotrac.com/mlb/player/_/id/639,
Cabrera_575,4022,Melky,Cabrera,LF,,https://www.spotrac.com/mlb/player/_/id/575,
Price_7536,3184,David,Price,SP,,https://www.spotrac.com/mlb/player/_/id/7536,
Bailey_5314,1368,Andrew,Bailey,RP,,https://www.spotrac.com/mlb/player/_/id/5314,
Masterson_5187,2038,Justin,Masterson,RP,,https://www.spotrac.com/mlb/player/_/id/5187,
Stauffer_7184,6432,Tim,Stauffer,RP,,https://www.spotrac.com/mlb/player/_/id/7184,
Porcello_5235,2717,Rick,Porcello,SP,,https://www.spotrac.com/mlb/player/_/id/5235,
Niemann_836,8591,Jeff,Niemann,RP,,https://www.spotrac.com/mlb/player/_/id/836,
Bailey_200,8362,Homer,Bailey,SP,,https://www.spotrac.com/mlb/player/_/id/200,
Saltalamacchia_5394,5557,Jarrod,Saltalamacchia,C,,https://www.spotrac.com/mlb/player/_/id/5394,
O'Flaherty_763,5746,Eric,O'Flaherty,RP,,https://www.spotrac.com/mlb/player/_/id/763,
Smith_5232,7331,Seth,Smith,RF,,https://www.spotrac.com/mlb/player/_/id/5232,
Casilla_608,2873,Santiago,Casilla,RP,,https://www.spotrac.com/mlb/player/_/id/608,
Roberts_5169,5653,Ryan,Roberts,2B,,https://www.spotrac.com/mlb/player/_/id/5169,
Gomez_521,4881,Carlos,Gomez,CF,,https://www.spotrac.com/mlb/player/_/id/521,
Logan_6468,5525,Boone,Logan,RP,,https://www.spotrac.com/mlb/player/_/id/6468,
Mujica_5340,3970,Edward,Mujica,RP,,https://www.spotrac.com/mlb/player/_/id/5340,
Howell_833,8245,J.P.,Howell,RP,,https://www.spotrac.com/mlb/player/_/id/833,
Schierholtz_5356,6201,Nate,Schierholtz,RF,,https://www.spotrac.com/mlb/player/_/id/5356,
Andino_315,4900,Robert,Andino,CF,,https://www.spotrac.com/mlb/player/_/id/315,
Aceves_5303,5164,Alfredo,Aceves,RP,,https://www.spotrac.com/mlb/player/_/id/5303,
Aviles_8453,5986,Mike,Aviles,3B,,https://www.spotrac.com/mlb/player/_/id/8453,
Coke_5304,5535,Phil,Coke,RP,,https://www.spotrac.com/mlb/player/_/id/5304,
Badenhop_5242,9736,Burke,Badenhop,RP,,https://www.spotrac.com/mlb/player/_/id/5242,
Albers_44,4300,Matt,Albers,RP,,https://www.spotrac.com/mlb/player/_/id/44,
Miller_329,6785,Andrew,Miller,RP,,https://www.spotrac.com/mlb/player/_/id/329,
Getz_5208,3388,Chris,Getz,2B,,https://www.spotrac.com/mlb/player/_/id/5208,
Kelly_7384,2216,Don,Kelly,CF,,https://www.spotrac.com/mlb/player/_/id/7384,
Resop_7496,3799,Chris,Resop,RP,,https://www.spotrac.com/mlb/player/_/id/7496,
Morales_264,5088,Franklin,Morales,RP,,https://www.spotrac.com/mlb/player/_/id/264,
Janish_5217,7412,Paul,Janish,SS,,https://www.spotrac.com/mlb/player/_/id/5217,
Williams_8549,1137,Jerome,Williams,RP,,https://www.spotrac.com/mlb/player/_/id/8549,
Baker_5249,4756,John,Baker,C,,https://www.spotrac.com/mlb/player/_/id/5249,
Kottaras_5188,5506,George,Kottaras,C,,https://www.spotrac.com/mlb/player/_/id/5188,
Rosales_5218,9682,Adam,Rosales,2B,,https://www.spotrac.com/mlb/player/_/id/5218,
Kelley_5369,7773,Shawn,Kelley,RP,,https://www.spotrac.com/mlb/player/_/id/5369,
Murphy_7649,4704,Donnie,Murphy,3B,,https://www.spotrac.com/mlb/player/_/id/7649,
Kemp_469,5631,Matt,Kemp,LF,,https://www.spotrac.com/mlb/player/_/id/469,
Lincecum_728,5705,Tim,Lincecum,RP,,https://www.spotrac.com/mlb/player/_/id/728,
Billingsley_460,5842,Chad,Billingsley,SP,,https://www.spotrac.com/mlb/player/_/id/460,
Garcia_5381,8137,Jaime,Garcia,RP,,https://www.spotrac.com/mlb/player/_/id/5381,
Escobar_15,4191,Yunel,Escobar,3B,,https://www.spotrac.com/mlb/player/_/id/15,
Schumaker_798,3704,Skip,Schumaker,LF,,https://www.spotrac.com/mlb/player/_/id/798,
Pujols_795,1177,Albert,Pujols,DH/1B,,https://www.spotrac.com/mlb/player/_/id/795,
Reyes_559,1736,Jose,Reyes,SS/2B,,https://www.spotrac.com/mlb/player/_/id/559,
Wilson_874,3580,C.J.,Wilson,SP,,https://www.spotrac.com/mlb/player/_/id/874,
Buehrle_169,225,Mark,Buehrle,SP/SP4,,https://www.spotrac.com/mlb/player/_/id/169,
Papelbon_101,5975,Jonathan,Papelbon,RP,,https://www.spotrac.com/mlb/player/_/id/101,
Ramirez_159,1002,Aramis,Ramirez,3B,,https://www.spotrac.com/mlb/player/_/id/159,
Rollins_649,971,Jimmy,Rollins,SS,,https://www.spotrac.com/mlb/player/_/id/649,
Cuddyer_519,1534,Michael,Cuddyer,LF/1B,,https://www.spotrac.com/mlb/player/_/id/519,
Bell_661,2080,Heath,Bell,RP,,https://www.spotrac.com/mlb/player/_/id/661,
Beltrán_541,589,Carlos,Beltrán,DH/RF,,https://www.spotrac.com/mlb/player/_/id/541,
Willingham_344,2103,Josh,Willingham,LF,,https://www.spotrac.com/mlb/player/_/id/344,
Kubel_525,2161,Jason,Kubel,LF/RF,,https://www.spotrac.com/mlb/player/_/id/525,
Nathan_530,1122,Joe,Nathan,RP,,https://www.spotrac.com/mlb/player/_/id/530,
Crisp_89,1572,Coco,Crisp,CF,,https://www.spotrac.com/mlb/player/_/id/89,
Furcal_465,88,Rafael,Furcal,SS/2B,,https://www.spotrac.com/mlb/player/_/id/465,
Francisco_5399,1933,Frank,Francisco,RP,,https://www.spotrac.com/mlb/player/_/id/5399,
Harang_216,1451,Aaron,Harang,SP,,https://www.spotrac.com/mlb/player/_/id/216,
Hill_908,6104,Aaron,Hill,3B,,https://www.spotrac.com/mlb/player/_/id/908,
Jackson_834,1841,Edwin,Jackson,SP/SP5,,https://www.spotrac.com/mlb/player/_/id/834,
Barmes_249,1830,Clint,Barmes,SS,,https://www.spotrac.com/mlb/player/_/id/249,
Capuano_489,1701,Chris,Capuano,RP,,https://www.spotrac.com/mlb/player/_/id/489,
DeJesus_401,1825,David,DeJesus,LF/CF/RF,,https://www.spotrac.com/mlb/player/_/id/401,
Chen_7202,769,Bruce,Chen,RP,,https://www.spotrac.com/mlb/player/_/id/7202,
Ellis_615,1443,Mark,Ellis,2B,,https://www.spotrac.com/mlb/player/_/id/615,
Madson_645,1852,Ryan,Madson,RP,,https://www.spotrac.com/mlb/player/_/id/645,
Infante_21,1609,Omar,Infante,2B,,https://www.spotrac.com/mlb/player/_/id/21,
Peña_848,934,Carlos,Peña,1B,,https://www.spotrac.com/mlb/player/_/id/848,
Carroll_244,1591,Jamey,Carroll,2B/SS,,https://www.spotrac.com/mlb/player/_/id/244,
Hernández_58,918,Ramón,Hernández,C,,https://www.spotrac.com/mlb/player/_/id/58,
Hairston Jr._5221,144,Jerry,Hairston Jr.,LF/3B,,https://www.spotrac.com/mlb/player/_/id/5221,
Scott_76,3469,Luke,Scott,DH/1B,,https://www.spotrac.com/mlb/player/_/id/76,
Saunders_451,4366,Joe,Saunders,SP,,https://www.spotrac.com/mlb/player/_/id/451,
Sizemore_361,2197,Grady,Sizemore,RF,,https://www.spotrac.com/mlb/player/_/id/361,
Oswalt_379,571,Roy,Oswalt,SP,,https://www.spotrac.com/mlb/player/_/id/379,
Oliver_446,206,Darren,Oliver,RP,,https://www.spotrac.com/mlb/player/_/id/446,
Rivera_448,843,Juan,Rivera,LF/1B,,https://www.spotrac.com/mlb/player/_/id/448,
Cordero_207,1243,Francisco,Cordero,RP,,https://www.spotrac.com/mlb/player/_/id/207,
Bédard_747,126,Érik,Bédard,SP,,https://www.spotrac.com/mlb/player/_/id/747,
González_213,520,Álex,González,SS,,https://www.spotrac.com/mlb/player/_/id/213,
Maholm_701,8678,Paul,Maholm,RP/SP,,https://www.spotrac.com/mlb/player/_/id/701,
Barajas_905,45,Rod,Barajas,C,,https://www.spotrac.com/mlb/player/_/id/905,
Wang_599,2074,Chien-Ming,Wang,RP,,https://www.spotrac.com/mlb/player/_/id/599,
García_7461,1077,Freddy,García,SP,,https://www.spotrac.com/mlb/player/_/id/7461,
Santiago_305,1417,Ramon,Santiago,2B/SS,,https://www.spotrac.com/mlb/player/_/id/305,
Broxton_461,4759,Jonathan,Broxton,RP,,https://www.spotrac.com/mlb/player/_/id/461,
Bloomquist_750,1066,Willie,Bloomquist,2B/3B/SS,,https://www.spotrac.com/mlb/player/_/id/750,
Rauch_928,1475,Jon,Rauch,RP,,https://www.spotrac.com/mlb/player/_/id/928,
Theriot_162,3811,Ryan,Theriot,2B/LF,,https://www.spotrac.com/mlb/player/_/id/162,
Betemit_572,1861,Wilson,Betemit,3B/1B,,https://www.spotrac.com/mlb/player/_/id/572,
Dotel_174,555,Octavio,Dotel,RP,,https://www.spotrac.com/mlb/player/_/id/174,
Hawkins_583,729,LaTroy,Hawkins,RP/CL,,https://www.spotrac.com/mlb/player/_/id/583,
Kotchman_440,1930,Casey,Kotchman,1B,,https://www.spotrac.com/mlb/player/_/id/440,
Wood_164,304,Kerry,Wood,RP,,https://www.spotrac.com/mlb/player/_/id/164,
Dobbs_634,2158,Greg,Dobbs,1B,,https://www.spotrac.com/mlb/player/_/id/634,
Marquis_152,105,Jason,Marquis,SP,,https://www.spotrac.com/mlb/player/_/id/152,
Punto_532,1429,Nick,Punto,SS,,https://www.spotrac.com/mlb/player/_/id/532,
Ludwick_789,1260,Ryan,Ludwick,LF,,https://www.spotrac.com/mlb/player/_/id/789,
Doumit_693,2113,Ryan,Doumit,C/RF/LF,,https://www.spotrac.com/mlb/player/_/id/693,
Nix_5223,1766,Laynce,Nix,RF/LF,,https://www.spotrac.com/mlb/player/_/id/5223,
Rodney_302,494,Fernando,Rodney,RP,,https://www.spotrac.com/mlb/player/_/id/302,
Blake_239,719,Casey,Blake,3B,,https://www.spotrac.com/mlb/player/_/id/239,
Jones_468,96,Andruw,Jones,LF/RF,,https://www.spotrac.com/mlb/player/_/id/468,
Betancourt_749,8585,Yuniesky,Betancourt,1B/SS,,https://www.spotrac.com/mlb/player/_/id/749,
Colon_5205,375,Bartolo,Colon,SP/SP2,,https://www.spotrac.com/mlb/player/_/id/5205,
Molina_590,25,Jose,Molina,C,,https://www.spotrac.com/mlb/player/_/id/590,
Saito_481,6021,Takashi,Saito,RP,,https://www.spotrac.com/mlb/player/_/id/481,
McLouth_703,3190,Nate,McLouth,LF,,https://www.spotrac.com/mlb/player/_/id/703,
Keppinger_219,3856,Jeff,Keppinger,3B/2B,,https://www.spotrac.com/mlb/player/_/id/219,
Chavez_546,768,Endy,Chavez,LF/CF,,https://www.spotrac.com/mlb/player/_/id/546,
Padilla_5393,964,Vincente,Padilla,RP,,https://www.spotrac.com/mlb/player/_/id/5393,
Francis_254,4684,Jeff,Francis,SP,,https://www.spotrac.com/mlb/player/_/id/254,
Shoppach_360,3867,Kelly,Shoppach,C,,https://www.spotrac.com/mlb/player/_/id/360,
Coffey_206,2467,Todd,Coffey,RP,,https://www.spotrac.com/mlb/player/_/id/206,
Thome_192,409,Jim,Thome,DH/1B,,https://www.spotrac.com/mlb/player/_/id/192,
Kotsay_27,1042,Mark,Kotsay,CF/RF,,https://www.spotrac.com/mlb/player/_/id/27,
Blanco_133,81,Henry,Blanco,C,,https://www.spotrac.com/mlb/player/_/id/133,
Johnson_5201,1702,Reed,Johnson,LF/CF,,https://www.spotrac.com/mlb/player/_/id/5201,
Cedeno_134,2179,Ronny,Cedeno,SS/2B,,https://www.spotrac.com/mlb/player/_/id/134,
Qualls_123,2170,Chad,Qualls,RP,,https://www.spotrac.com/mlb/player/_/id/123,
Hairston_672,1926,Scott,Hairston,RF,,https://www.spotrac.com/mlb/player/_/id/672,
Sherrill_77,6291,George,Sherrill,RP,,https://www.spotrac.com/mlb/player/_/id/77,
Ibañez_757,607,Raúl,Ibañez,DH/LF,,https://www.spotrac.com/mlb/player/_/id/757,
Laird_5236,1698,Gerald,Laird,C,,https://www.spotrac.com/mlb/player/_/id/5236,
Treanor_341,2265,Matt,Treanor,C,,https://www.spotrac.com/mlb/player/_/id/341,
MacDougal_7433,612,Mike,MacDougal,RP,,https://www.spotrac.com/mlb/player/_/id/7433,
Gomes_7025,1845,Jonny,Gomes,LF/DH,,https://www.spotrac.com/mlb/player/_/id/7025,
Willis_311,1703,Dontrelle,Willis,SP,,https://www.spotrac.com/mlb/player/_/id/311,
Overbay_911,1617,Lyle,Overbay,1B,,https://www.spotrac.com/mlb/player/_/id/911,
Wilson_714,1017,Jack,Wilson,2B/SS,,https://www.spotrac.com/mlb/player/_/id/714,
Mota_503,1467,Guillermo,Mota,RP,,https://www.spotrac.com/mlb/player/_/id/503,
Ayala_920,1650,Luis,Ayala,RP,,https://www.spotrac.com/mlb/player/_/id/920,
Mijares_5290,4140,Jose,Mijares,RP,,https://www.spotrac.com/mlb/player/_/id/5290,
Wheeler_841,120,Dan,Wheeler,RP,,https://www.spotrac.com/mlb/player/_/id/841,
Chávez_609,906,Eric,Chávez,3B/1B,,https://www.spotrac.com/mlb/player/_/id/609,
Matsui_589,1659,Hideki,Matsui,DH/LF,,https://www.spotrac.com/mlb/player/_/id/589,
Durbin_635,1442,Chad,Durbin,RP,,https://www.spotrac.com/mlb/player/_/id/635,
Lewis_727,4693,Fred,Lewis,LF,,https://www.spotrac.com/mlb/player/_/id/727,
Ohlendorf_592,8268,Ross,Ohlendorf,RP,,https://www.spotrac.com/mlb/player/_/id/592,
Schneider_562,795,Brian,Schneider,C,,https://www.spotrac.com/mlb/player/_/id/562,
Zumaya_313,4699,Joel,Zumaya,RP,,https://www.spotrac.com/mlb/player/_/id/313,
Kennedy_784,19,Adam,Kennedy,2B,,https://www.spotrac.com/mlb/player/_/id/784,
Derosa_137,1392,Mark,Derosa,3B/LF,,https://www.spotrac.com/mlb/player/_/id/137,
López_760,3114,José,López,3B/2B,,https://www.spotrac.com/mlb/player/_/id/760,
Hensley_7182,4593,Clay,Hensley,RP,,https://www.spotrac.com/mlb/player/_/id/7182,
Romero_650,754,J.C.,Romero,RP,,https://www.spotrac.com/mlb/player/_/id/650,
Batista_746,46,Miguel,Batista,SP,,https://www.spotrac.com/mlb/player/_/id/746,
Snyder_127,4606,Chris,Snyder,C,,https://www.spotrac.com/mlb/player/_/id/127,
Hernandez_524,1116,Livan,Hernandez,SP,,https://www.spotrac.com/mlb/player/_/id/524,
Whiteside_7514,3536,Eli,Whiteside,C,,https://www.spotrac.com/mlb/player/_/id/7514,
Kuo_471,7016,Hong-Chih,Kuo,SP,,https://www.spotrac.com/mlb/player/_/id/471,
Brackman_573,2365,Andrew,Brackman,RP,,https://www.spotrac.com/mlb/player/_/id/573,
Inge_292,470,Brandon,Inge,3B,,https://www.spotrac.com/mlb/player/_/id/292,
Abreu_570,945,Bobby,Abreu,LF/RF,,https://www.spotrac.com/mlb/player/_/id/570,
Kuroda_472,3283,Hiroki,Kuroda,SP,,https://www.spotrac.com/mlb/player/_/id/472,
Wuertz_165,1856,Mike,Wuertz,RP,,https://www.spotrac.com/mlb/player/_/id/165,
Hudson_112,1307,Orlando,Hudson,3B/2B,,https://www.spotrac.com/mlb/player/_/id/112,
Fukudome_140,3263,Kosuke,Fukudome,RF,,https://www.spotrac.com/mlb/player/_/id/140,
Cust_611,1564,Jack,Cust,DH,,https://www.spotrac.com/mlb/player/_/id/611,
Camp_5402,1855,Shawn,Camp,RP,,https://www.spotrac.com/mlb/player/_/id/5402,
Hernandez_524,1116,Livan,Hernandez,SP,,https://www.spotrac.com/mlb/player/_/id/524,
Hernandez_524,1116,Livan,Hernandez,SP,,https://www.spotrac.com/mlb/player/_/id/524,
Lowe_476,199,Derek,Lowe,SP,,https://www.spotrac.com/mlb/player/_/id/476,
Seddon_11616,3833,Chris,Seddon,RP,,https://www.spotrac.com/mlb/player/_/id/11616,
Owings_119,4253,Micah,Owings,SP/RP,,https://www.spotrac.com/mlb/player/_/id/119,
McDonald_910,395,John,McDonald,SS/3B/2B,,https://www.spotrac.com/mlb/player/_/id/910,
Wolf_688,976,Randy,Wolf,SP,,https://www.spotrac.com/mlb/player/_/id/688,
Corpas_253,2807,Manny,Corpas,RP,,https://www.spotrac.com/mlb/player/_/id/253,
Nieves_5414,1556,Wil,Nieves,C,,https://www.spotrac.com/mlb/player/_/id/5414,
Kawasaki_9419,13047,Munenori,Kawasaki,SS/2B,,https://www.spotrac.com/mlb/player/_/id/9419,
González_668,1908,Adrián,González,1B,,https://www.spotrac.com/mlb/player/_/id/668,
Sabathia_359,404,CC,Sabathia,SP,,https://www.spotrac.com/mlb/player/_/id/359,
Phillips_223,791,Brandon,Phillips,2B,,https://www.spotrac.com/mlb/player/_/id/223,
Ramírez_5210,5133,Alexei,Ramírez,SS,,https://www.spotrac.com/mlb/player/_/id/5210,
Carpenter_774,1292,Chris,Carpenter,SP,,https://www.spotrac.com/mlb/player/_/id/774,
Scott_76,3469,Luke,Scott,DH/1B,,https://www.spotrac.com/mlb/player/_/id/76,
Helton_257,432,Todd,Helton,1B,,https://www.spotrac.com/mlb/player/_/id/257,
